<?xml version="1.0" encoding="UTF-8"?>
<project-private xmlns="http://www.netbeans.org/ns/project-private/1">
    <editor-bookmarks xmlns="http://www.netbeans.org/ns/editor-bookmarks/2" lastBookmarkId="0"/>
    <open-files xmlns="http://www.netbeans.org/ns/projectui-open-files/2">
        <group>
            <file>file:/C:/Users/ALEXIS/Desktop/Inventario%20Halema/Proyecto%20JAVA/Inventario/src/Formularios/Frm_Login.java</file>
            <file>file:/C:/Users/ALEXIS/Desktop/Inventario%20Halema/Proyecto%20JAVA/Inventario/src/Clases/Cls_Inventario.java</file>
            <file>file:/C:/Users/ALEXIS/Desktop/Inventario%20Halema/Proyecto%20JAVA/Inventario/src/Clases/Cls_BuscarProductos.java</file>
            <file>file:/C:/Users/ALEXIS/Desktop/Inventario%20Halema/Proyecto%20JAVA/Inventario/src/Formularios/Frm_Inventario.java</file>
            <file>file:/C:/Users/ALEXIS/Desktop/Inventario%20Halema/Proyecto%20JAVA/Inventario/src/Formularios/Frm_Entrada.java</file>
            <file>file:/C:/Users/ALEXIS/Desktop/Inventario%20Halema/Proyecto%20JAVA/Inventario/src/Conexion/Conectar.java</file>
            <file>file:/C:/Users/ALEXIS/Desktop/Inventario%20Halema/Proyecto%20JAVA/Inventario/src/Clases/Cls_Salida.java</file>
            <file>file:/C:/Users/ALEXIS/Desktop/Inventario%20Halema/Proyecto%20JAVA/Inventario/src/Clases/Cls_Productos.java</file>
            <file>file:/C:/Users/ALEXIS/Desktop/Inventario%20Halema/Proyecto%20JAVA/Inventario/src/Clases/Cls_Entrada.java</file>
        </group>
    </open-files>
</project-private>
